0;False
1;False
2;True
3;True
4;False
5;True
6;False
7;False
8;True
9;False
10;False
11;False
12;True
13;False
14;False
15;True
16;False
17;True
18;True
19;False
20;True
21;True
22;True
23;True
24;True
25;True
26;False
27;False
28;True
29;False
30;True
31;True
32;True
33;False
34;True
35;False
36;True
37;False
38;True
39;False
40;False
41;True
42;False
43;False
44;True
45;True
46;False
47;True
48;True
49;True
50;True
51;False
52;False
53;True
54;True
55;True
56;False
57;True
58;True
59;False
60;True
61;True
62;False
63;False
64;False
65;False
66;False
67;True
68;True
69;False
70;True
71;True
72;True
73;True
74;True
75;True
76;True
77;True
78;True
79;False
80;False
81;True
82;True
83;True
84;True
85;True
86;False
87;False
88;True
89;True
90;False
91;True
92;True
93;False
94;False
95;True
96;True
97;False
98;True
99;True
100;False
101;False
102;True
103;True
104;False
105;False
106;True
107;False
108;False
109;True
110;True
111;True
112;True
113;True
114;True
115;False
116;False
117;False
118;False
119;True
120;True
121;True
122;True
123;True
124;False
125;True
126;True
127;True
128;True
129;False
130;False
131;True
132;False
133;True
134;True
135;True
136;False
137;True
138;False
139;True
140;True
141;True
142;True
143;True
144;True
145;True
146;True
147;True
148;False
149;False
150;True
151;True
152;True
153;True
154;False
155;True
156;True
157;True
158;False
159;True
160;True
161;True
162;True
163;True
164;True
165;True
166;False
167;True
168;True
169;True
170;True
171;True
172;False
173;True
174;True
175;False
176;False
177;False
178;True
179;True
180;False
181;True
182;False
183;True
184;True
185;True
186;False
187;True
188;False
189;True
190;True
191;True
192;True
193;False
194;True
195;False
196;True
197;True
198;True
199;True
200;True
201;False
202;True
203;False
204;False
205;False
206;True
207;True
208;False
209;True
210;True
211;False
212;True
213;False
214;True
215;False
216;False
217;True
218;True
219;False
220;True
221;True
222;True
223;True
224;True
225;True
226;True
227;True
228;True
229;True
230;False
231;True
232;False
233;False
234;False
235;True
236;True
237;False
238;True
239;True
240;True
241;True
242;False
243;False
244;True
245;True
246;True
247;True
248;True
249;True
250;True
251;True
252;False
253;True
254;True
255;True
256;True
257;True
258;True
259;False
260;True
261;True
262;True
263;True
264;True
265;True
266;True
267;True
268;True
269;False
270;True
271;True
272;True
273;True
274;False
275;False
276;True
277;True
278;True
279;False
280;True
281;True
282;True
283;True
284;False
285;True
286;True
287;False
288;False
289;False
290;False
291;True
292;False
293;True
294;False
295;True
296;False
297;False
298;True
299;False
300;False
301;False
302;False
303;False
304;True
305;True
306;True
307;True
308;True
309;True
310;False
311;False
312;True
313;True
314;False
315;False
316;True
317;True
318;True
319;False
320;False
321;False
322;False
323;True
324;True
325;True
326;True
327;True
328;False
329;True
330;True
331;False
332;False
333;True
334;True
335;True
336;True
337;True
338;True
339;False
340;True
341;False
342;False
343;True
344;False
345;True
346;True
347;True
348;True
349;True
350;False
351;True
352;True
353;True
354;True
355;False
356;True
357;True
358;True
359;True
360;True
361;True
362;True
363;True
364;True
365;True
366;True
367;True
368;False
369;True
370;True
371;False
372;False
373;False
374;False
375;False
376;True
377;True
378;False
379;True
380;True
381;True
382;False
383;True
384;True
385;True
386;True
387;False
388;False
389;False
390;False
391;True
392;False
393;False
394;True
395;False
396;True
397;True
398;True
399;False
400;True
401;False
402;True
403;True
404;True
405;True
406;False
407;True
408;True
409;True
410;True
411;True
412;True
413;True
414;True
415;True
416;True
417;True
418;True
419;False
420;False
421;False
422;True
423;True
424;True
425;False
426;True
427;True
428;False
429;False
430;True
431;True
432;True
433;False
434;False
435;True
436;False
437;True
438;True
439;True
440;True
441;True
442;True
443;True
444;False
445;False
446;False
447;True
448;True
449;True
450;True
451;True
452;True
453;True
454;False
455;False
456;True
457;False
458;True
459;False
460;True
461;False
462;False
463;True
464;True
465;True
466;False
467;True
468;False
469;True
470;True
471;True
472;False
473;False
474;True
475;True
476;False
477;True
478;False
479;True
480;True
481;True
482;False
483;False
484;True
485;True
486;True
487;False
488;True
489;True
490;False
491;True
492;True
493;True
494;True
495;True
496;True
497;True
498;True
499;True
500;False
501;True
502;False
503;True
504;True
505;True
506;False
507;True
508;True
509;False
510;False
511;True
512;True
513;True
514;False
515;True
516;True
517;False
518;False
519;True
520;True
521;False
522;True
523;False
524;True
525;True
526;True
527;False
528;True
529;False
530;False
531;True
532;True
533;True
534;False
535;False
536;True
537;False
538;True
539;True
540;True
541;True
542;True
543;True
544;True
545;True
546;True
547;True
548;False
549;True
550;False
551;True
552;True
553;True
554;True
555;False
556;True
557;False
558;True
559;True
560;True
561;False
562;True
563;True
564;True
565;True
566;True
567;True
568;False
569;False
570;False
571;True
572;False
573;False
574;True
575;True
576;True
577;True
578;True
579;True
580;False
581;True
582;True
583;True
584;True
585;True
586;True
587;True
588;False
589;False
590;True
591;True
592;True
593;True
594;True
595;False
596;False
597;True
598;False
599;True
600;True
601;False
602;False
603;False
604;True
605;True
606;False
607;False
608;False
609;True
610;False
611;True
612;False
613;True
614;True
615;True
616;True
617;True
618;False
619;False
620;False
621;True
622;True
623;True
624;True
625;True
626;True
627;False
628;False
629;True
630;False
631;True
632;False
633;True
634;False
635;False
636;True
637;True
638;True
639;True
640;True
641;True
642;True
643;False
644;True
645;True
646;True
647;False
648;True
649;False
650;True
651;True
652;True
653;True
654;False
655;True
656;True
657;True
658;True
659;False
660;True
661;False
662;True
663;True
664;True
665;False
666;True
667;False
668;False
669;False
670;True
671;False
672;True
673;True
674;False
675;False
676;False
677;False
678;False
679;True
680;True
681;True
682;False
683;False
684;True
685;True
686;True
687;True
688;True
689;True
690;True
691;True
692;True
693;False
694;False
695;False
696;True
697;False
698;True
699;False
700;True
701;False
702;True
703;False
704;True
705;False
706;True
707;False
708;False
709;False
710;False
711;True
712;True
713;False
714;True
715;False
716;True
717;False
718;True
719;False
720;False
721;True
722;True
723;False
724;True
725;True
726;False
727;True
728;False
729;True
730;False
731;False
732;True
733;False
734;True
735;True
736;True
737;True
738;False
739;True
740;False
741;True
742;False
743;False
744;False
745;True
746;True
747;False
748;False
749;True
750;True
751;False
752;True
753;True
754;True
755;False
756;False
757;True
758;True
759;False
760;True
761;True
762;True
763;True
764;False
765;False
766;True
767;True
768;True
769;True
770;True
771;True
772;False
773;True
774;True
775;False
776;True
777;True
778;True
779;False
780;True
781;True
782;True
783;False
784;False
785;False
786;True
787;False
788;True
789;True
790;False
791;True
792;True
793;True
794;False
795;True
796;False
797;True
798;True
799;True
800;True
801;False
802;False
803;True
804;False
805;True
806;True
807;True
808;True
809;True
810;True
811;True
812;True
813;False
814;True
815;True
816;False
817;True
818;True
819;True
820;False
821;False
822;False
823;True
824;False
825;True
826;False
827;True
828;True
829;True
830;False
831;False
832;False
833;True
834;True
835;True
836;True
837;True
838;True
839;True
840;False
841;False
842;True
843;True
844;True
845;True
846;True
847;False
848;True
849;True
850;True
851;True
852;True
853;True
854;False
855;True
856;True
857;True
858;True
859;True
860;True
861;True
862;False
863;True
864;False
865;False
866;False
867;True
868;False
869;True
870;False
871;True
872;False
873;False
874;False
875;True
876;True
877;True
878;False
879;True
880;True
881;False
882;True
883;False
884;False
885;True
886;False
887;True
888;False
889;True
890;True
891;False
892;True
893;True
894;True
895;True
896;False
897;True
898;True
899;True
900;True
901;False
902;True
903;False
904;True
905;True
906;True
907;True
908;False
909;True
910;False
911;True
912;True
913;False
914;True
915;True
916;True
917;True
918;True
919;True
920;True
921;True
922;False
923;False
924;True
925;True
926;True
927;True
928;True
929;False
930;False
931;True
932;True
933;True
934;True
935;True
936;False
937;False
938;True
939;False
940;True
941;True
942;True
943;True
944;True
945;False
946;False
947;True
948;True
949;False
950;True
951;True
952;True
953;True
954;False
955;False
956;True
957;False
958;False
959;False
960;True
961;False
962;True
963;False
964;False
965;False
966;False
967;False
968;False
969;False
970;True
971;True
972;True
973;False
974;False
975;False
976;True
977;True
978;False
979;False
980;True
981;True
982;True
983;True
984;True
985;True
986;True
987;True
988;True
989;False
990;True
991;True
992;False
993;True
994;True
995;True
996;True
997;False
998;True
999;True
1000;True
1001;True
1002;False
1003;False
1004;True
1005;False
1006;False
1007;True
1008;True
1009;False
1010;False
1011;True
1012;True
1013;True
1014;True
1015;False
1016;True
1017;False
1018;True
1019;True
1020;True
1021;True
1022;True
1023;True
1024;False
1025;False
1026;False
1027;True
1028;True
1029;True
1030;True
1031;True
1032;True
1033;True
1034;True
1035;True
1036;False
1037;False
1038;True
1039;True
1040;True
1041;True
1042;True
1043;False
1044;False
1045;False
1046;False
1047;True
1048;True
1049;True
1050;True
1051;False
1052;False
1053;False
1054;True
1055;True
1056;True
1057;True
1058;True
1059;True
1060;True
1061;False
1062;True
1063;False
1064;True
1065;True
1066;True
1067;True
1068;False
1069;True
1070;False
1071;True
1072;True
1073;True
1074;False
1075;True
1076;True
1077;True
1078;False
1079;False
1080;False
1081;False
1082;True
1083;True
1084;False
1085;True
1086;True
1087;False
1088;True
1089;True
1090;True
1091;True
1092;True
1093;True
1094;False
1095;False
1096;True
1097;True
1098;True
1099;True
1100;False
1101;True
1102;True
1103;True
1104;False
1105;True
1106;True
1107;False
1108;True
1109;False
1110;True
1111;False
1112;True
1113;False
1114;True
1115;False
1116;False
1117;False
1118;True
1119;False
1120;True
1121;True
1122;True
1123;False
1124;True
1125;True
1126;False
1127;False
1128;True
1129;False
1130;False
1131;True
1132;True
1133;True
1134;False
1135;True
1136;False
1137;True
1138;True
1139;True
1140;True
1141;True
1142;True
1143;True
1144;True
1145;True
1146;True
1147;False
1148;True
1149;True
1150;True
1151;False
1152;False
1153;True
1154;False
1155;True
1156;True
1157;True
1158;True
1159;False
1160;False
1161;True
1162;False
1163;True
1164;True
1165;True
1166;False
1167;True
1168;False
1169;True
1170;False
1171;True
1172;True
1173;True
1174;False
1175;True
1176;True
1177;False
1178;False
1179;True
1180;True
1181;True
1182;True
1183;False
1184;False
1185;True
1186;True
1187;True
1188;False
1189;True
1190;True
1191;True
1192;False
1193;True
1194;True
1195;False
1196;True
1197;True
1198;False
1199;True
1200;True
1201;True
1202;False
1203;True
1204;False
1205;True
1206;True
1207;True
1208;True
1209;True
1210;True
1211;True
1212;True
1213;False
1214;True
1215;False
1216;True
1217;True
1218;True
1219;False
1220;True
1221;True
1222;True
1223;False
1224;True
1225;False
1226;True
1227;True
1228;True
1229;False
1230;True
1231;True
1232;True
1233;True
1234;False
1235;True
1236;True
1237;False
1238;True
1239;False
1240;False
1241;True
1242;True
1243;True
1244;False
1245;True
1246;False
1247;True
1248;True
1249;False
1250;False
1251;False
1252;False
1253;True
1254;False
1255;False
1256;True
1257;True
1258;False
1259;False
1260;False
1261;False
1262;True
1263;True
1264;False
1265;True
1266;True
1267;True
1268;True
1269;True
1270;True
1271;True
1272;True
1273;True
1274;True
1275;False
1276;True
1277;True
1278;True
1279;True
1280;False
1281;False
1282;True
1283;True
1284;True
1285;True
1286;True
1287;False
1288;False
1289;False
1290;False
1291;True
1292;False
1293;False
1294;False
1295;True
1296;False
1297;True
1298;False
1299;True
1300;False
1301;True
1302;True
1303;True
1304;True
1305;True
1306;False
1307;True
1308;True
1309;True
1310;True
1311;True
1312;False
1313;False
1314;True
1315;True
1316;True
1317;False
1318;False
1319;True
1320;False
1321;True
1322;False
1323;True
1324;False
1325;True
1326;True
1327;True
1328;True
1329;True
1330;True
1331;False
1332;True
1333;True
1334;False
1335;True
1336;False
1337;True
1338;True
1339;True
1340;False
1341;True
1342;True
1343;False
1344;True
1345;True
1346;False
1347;False
1348;False
1349;True
1350;False
1351;True
1352;False
1353;True
1354;True
1355;True
1356;True
1357;True
1358;True
1359;True
1360;False
1361;True
1362;True
1363;True
1364;True
1365;True
1366;True
1367;True
1368;True
1369;True
1370;True
1371;True
1372;True
1373;True
1374;True
1375;True
1376;True
1377;True
1378;True
1379;True
1380;True
1381;True
1382;False
1383;True
1384;True
1385;True
1386;True
1387;False
1388;True
1389;True
1390;True
1391;True
1392;False
1393;True
1394;False
1395;True
1396;True
1397;False
1398;True
1399;False
1400;True
1401;False
1402;False
1403;False
1404;False
1405;False
1406;True
1407;True
1408;True
1409;True
1410;True
1411;True
1412;True
1413;False
1414;True
1415;True
1416;True
1417;False
1418;False
1419;True
1420;False
1421;True
1422;True
1423;True
1424;True
1425;False
1426;True
1427;True
1428;True
1429;False
1430;True
1431;True
1432;True
1433;True
1434;True
1435;True
1436;True
1437;True
1438;True
1439;False
1440;False
1441;True
1442;False
1443;True
1444;False
1445;False
1446;True
1447;True
1448;False
1449;False
1450;True
1451;True
1452;False
1453;False
1454;False
1455;False
1456;False
1457;True
1458;True
1459;True
1460;True
1461;True
1462;False
1463;True
1464;False
1465;True
1466;True
1467;True
1468;True
1469;True
1470;False
1471;True
1472;False
1473;True
1474;False
1475;False
1476;True
1477;True
1478;True
1479;True
1480;True
1481;True
1482;True
1483;False
1484;False
1485;True
1486;True
1487;True
1488;True
1489;True
1490;True
1491;True
1492;True
1493;False
1494;False
1495;False
1496;True
1497;False
1498;True
1499;True
1500;False
1501;True
1502;True
1503;False
1504;True
1505;False
1506;True
1507;True
1508;True
1509;True
1510;True
1511;True
1512;True
1513;False
1514;True
1515;True
1516;False
1517;True
1518;True
1519;False
1520;True
1521;True
1522;True
1523;True
1524;True
1525;True
1526;True
1527;False
1528;False
1529;True
1530;True
1531;True
1532;False
1533;False
1534;False
1535;True
1536;True
1537;True
1538;True
1539;True
1540;False
1541;True
1542;False
1543;True
1544;True
1545;True
1546;True
1547;False
1548;True
1549;True
1550;True
1551;True
1552;True
1553;True
1554;True
1555;True
1556;True
1557;False
1558;False
1559;True
1560;True
1561;True
1562;False
1563;True
1564;True
1565;True
1566;False
1567;True
1568;True
1569;True
1570;False
1571;True
1572;True
1573;True
1574;True
1575;True
1576;False
1577;True
1578;True
1579;True
1580;True
1581;True
1582;False
1583;False
1584;True
1585;True
1586;False
1587;True
1588;False
1589;True
1590;True
1591;False
1592;False
1593;True
1594;True
1595;True
1596;True
1597;False
1598;False
1599;False
1600;False
1601;False
1602;False
1603;True
1604;True
1605;False
1606;True
1607;True
1608;False
1609;True
1610;True
1611;True
1612;True
1613;False
1614;True
1615;True
1616;True
1617;True
1618;False
1619;False
1620;False
1621;True
1622;True
1623;False
1624;False
1625;False
1626;False
1627;False
1628;False
1629;False
1630;True
1631;True
1632;True
1633;True
1634;True
1635;True
1636;True
1637;True
1638;True
1639;False
1640;True
1641;True
1642;False
1643;True
1644;False
1645;False
1646;False
1647;False
1648;False
1649;False
1650;True
1651;False
1652;False
1653;True
1654;True
1655;True
1656;False
1657;False
1658;False
1659;True
1660;True
1661;False
1662;True
1663;False
1664;False
1665;True
1666;True
1667;True
1668;True
1669;False
1670;True
1671;False
1672;False
1673;True
1674;True
1675;True
1676;True
1677;True
1678;True
1679;True
1680;False
1681;True
1682;True
1683;True
1684;True
1685;True
1686;False
1687;True
1688;True
1689;True
1690;True
1691;False
1692;False
1693;False
1694;False
1695;True
1696;False
1697;False
1698;True
1699;False
1700;True
1701;True
1702;False
1703;False
1704;False
1705;True
1706;False
1707;True
1708;True
1709;True
1710;True
1711;True
1712;True
1713;True
1714;True
1715;True
1716;True
1717;False
1718;True
1719;True
1720;False
1721;True
1722;True
1723;True
1724;True
1725;True
1726;True
1727;False
1728;True
1729;False
1730;True
1731;True
1732;True
1733;False
1734;True
1735;True
1736;True
1737;True
1738;True
1739;True
1740;True
1741;False
1742;True
1743;True
1744;True
1745;True
1746;True
1747;True
1748;True
1749;True
1750;False
1751;False
1752;True
1753;True
1754;True
1755;False
1756;True
1757;True
1758;True
1759;True
1760;True
1761;False
1762;True
1763;True
1764;True
1765;True
1766;True
1767;True
1768;True
1769;True
1770;True
1771;True
1772;True
1773;True
1774;True
1775;True
1776;True
1777;True
1778;True
1779;True
1780;False
1781;True
1782;False
1783;False
1784;True
1785;True
1786;False
1787;False
1788;False
1789;False
1790;False
1791;True
1792;False
1793;True
1794;True
1795;True
1796;True
1797;True
1798;False
1799;False
1800;False
1801;False
1802;True
1803;False
1804;True
1805;True
1806;True
1807;True
1808;True
1809;True
1810;True
1811;True
1812;True
1813;False
1814;True
1815;True
1816;False
1817;True
1818;True
1819;False
1820;False
1821;False
1822;False
1823;True
1824;False
1825;False
1826;True
1827;True
1828;True
1829;True
1830;False
1831;False
1832;True
1833;True
1834;False
1835;False
1836;False
1837;True
1838;True
1839;True
1840;True
1841;True
1842;True
1843;True
1844;True
1845;True
1846;False
1847;True
1848;True
1849;True
1850;False
1851;True
1852;True
1853;True
1854;False
1855;False
1856;False
1857;True
1858;True
1859;True
1860;True
1861;False
1862;True
1863;False
1864;False
1865;True
1866;False
1867;False
1868;True
1869;True
1870;False
1871;False
1872;False
1873;True
1874;False
1875;True
1876;False
1877;True
1878;True
1879;True
1880;False
1881;False
1882;True
1883;True
1884;True
1885;False
1886;False
1887;False
1888;True
1889;True
1890;False
1891;False
1892;False
1893;True
1894;True
1895;True
1896;True
1897;True
1898;True
1899;False
1900;True
1901;False
1902;True
1903;True
1904;True
1905;True
1906;True
1907;True
1908;True
1909;False
1910;True
1911;True
1912;False
1913;True
1914;False
1915;True
1916;True
1917;True
1918;False
1919;True
1920;True
1921;False
1922;False
1923;False
1924;False
1925;True
1926;False
1927;True
1928;True
1929;True
1930;False
1931;False
1932;False
1933;True
1934;False
1935;False
1936;True
1937;False
1938;True
1939;True
1940;True
1941;True
1942;False
1943;False
1944;False
1945;False
1946;True
1947;False
1948;True
1949;True
1950;False
1951;True
1952;False
1953;False
1954;False
1955;True
1956;False
1957;True
1958;True
1959;False
1960;True
1961;True
1962;False
1963;True
1964;True
1965;True
1966;False
1967;False
1968;True
1969;True
1970;True
1971;True
1972;True
1973;True
1974;True
1975;True
1976;False
1977;False
1978;False
1979;True
1980;True
1981;True
1982;True
1983;True
1984;False
1985;False
1986;True
1987;True
1988;True
1989;False
1990;True
1991;True
1992;True
1993;False
1994;True
1995;True
1996;True
1997;True
1998;True
1999;True
2000;True
2001;True
2002;True
2003;False
2004;False
2005;True
2006;True
2007;True
2008;False
2009;False
2010;False
2011;False
2012;True
2013;True
2014;True
2015;True
2016;True
2017;False
2018;True
2019;True
2020;True
2021;False
2022;False
2023;True
2024;False
2025;True
2026;False
2027;False
2028;False
2029;False
2030;False
2031;True
2032;True
2033;True
2034;True
2035;False
2036;False
2037;False
2038;True
2039;True
2040;True
2041;True
2042;True
2043;True
2044;True
2045;True
2046;True
2047;True
2048;False
2049;False
2050;True
2051;True
2052;False
2053;False
2054;True
2055;True
2056;False
2057;False
2058;True
2059;False
2060;False
2061;True
2062;True
2063;False
2064;False
2065;True
2066;False
2067;True
2068;True
2069;False
2070;False
2071;True
2072;False
2073;False
2074;True
2075;True
2076;True
2077;True
2078;True
2079;True
2080;False
2081;True
2082;True
2083;True
2084;True
2085;True
2086;True
2087;True
2088;True
2089;True
2090;True
2091;True
2092;True
2093;False
2094;True
2095;True
2096;True
2097;True
2098;True
2099;True
2100;False
2101;True
2102;False
2103;True
2104;True
2105;True
2106;True
2107;True
2108;False
2109;True
2110;False
2111;True
2112;False
2113;True
2114;True
2115;False
2116;True
2117;True
2118;True
2119;True
2120;False
2121;True
2122;True
2123;True
2124;False
2125;True
2126;True
2127;True
2128;True
2129;True
2130;True
2131;True
2132;True
2133;False
2134;False
2135;False
2136;True
2137;True
2138;False
2139;False
2140;True
2141;True
2142;True
2143;False
2144;True
2145;True
2146;False
2147;True
2148;True
2149;True
2150;True
2151;True
2152;False
2153;True
2154;True
2155;True
2156;False
2157;True
2158;False
2159;True
2160;False
2161;True
2162;True
2163;True
2164;True
2165;True
2166;True
2167;False
2168;True
2169;True
2170;True
2171;False
2172;True
2173;False
2174;True
2175;True
2176;True
2177;False
2178;True
2179;True
2180;True
2181;False
2182;False
2183;False
2184;True
2185;True
2186;False
2187;True
2188;True
2189;False
2190;True
2191;False
2192;True
2193;True
2194;True
2195;True
2196;True
2197;True
2198;True
2199;True
2200;False
2201;True
2202;True
2203;True
2204;True
2205;True
2206;False
2207;False
2208;False
2209;False
2210;True
2211;False
2212;True
2213;False
2214;True
2215;False
2216;True
2217;False
2218;False
2219;False
2220;True
2221;False
2222;True
2223;True
2224;False
2225;True
2226;True
2227;True
2228;False
2229;False
2230;False
2231;False
2232;True
2233;True
2234;True
2235;True
2236;True
2237;True
2238;True
2239;False
2240;True
2241;False
2242;False
2243;False
2244;True
2245;True
2246;True
2247;True
2248;False
2249;False
2250;False
2251;False
2252;True
2253;False
2254;True
2255;False
2256;False
2257;False
2258;False
2259;True
2260;True
2261;True
2262;True
2263;True
2264;False
2265;False
2266;False
2267;True
2268;True
2269;True
2270;True
2271;False
2272;False
2273;False
2274;True
2275;True
2276;True
2277;True
2278;True
2279;False
2280;True
2281;True
2282;False
2283;True
2284;True
2285;True
2286;True
2287;True
2288;True
2289;True
2290;False
2291;True
2292;False
2293;True
2294;False
2295;True
2296;True
2297;True
2298;False
2299;False
2300;False
2301;True
2302;False
2303;False
2304;True
2305;True
2306;True
2307;True
2308;True
2309;True
2310;True
2311;False
2312;True
2313;True
2314;True
2315;True
2316;True
2317;True
2318;True
2319;True
2320;True
2321;True
2322;True
2323;True
2324;True
2325;True
2326;True
2327;False
2328;False
2329;True
2330;False
2331;True
2332;True
2333;True
2334;True
2335;False
2336;True
2337;True
2338;False
2339;True
2340;False
2341;True
2342;True
2343;True
2344;False
2345;False
2346;True
2347;True
2348;True
2349;True
2350;True
2351;True
2352;False
2353;False
2354;False
2355;False
2356;True
2357;True
2358;False
2359;False
2360;False
2361;False
2362;True
2363;False
2364;True
2365;True
2366;True
2367;True
2368;True
2369;True
2370;False
2371;False
2372;False
2373;True
2374;False
2375;True
2376;True
2377;True
2378;True
2379;True
2380;True
2381;False
2382;False
2383;False
2384;True
2385;False
2386;True
2387;False
2388;True
2389;False
2390;True
2391;True
2392;True
2393;True
2394;True
2395;True
2396;False
2397;True
2398;True
2399;False
2400;False
2401;False
2402;False
2403;False
2404;False
2405;True
2406;True
2407;True
2408;True
2409;False
2410;True
2411;True
2412;False
2413;True
2414;True
2415;True
2416;True
2417;True
2418;False
2419;True
2420;True
2421;True
2422;False
2423;True
2424;False
2425;False
2426;True
2427;True
2428;False
2429;True
2430;True
2431;True
2432;False
2433;True
2434;True
2435;True
2436;True
2437;False
2438;True
2439;False
2440;False
2441;True
2442;True
2443;True
2444;False
2445;False
2446;True
2447;True
2448;True
2449;True
2450;True
2451;False
2452;False
2453;True
2454;False
2455;False
2456;True
2457;False
2458;False
2459;True
2460;False
2461;False
2462;True
2463;False
2464;True
2465;True
2466;False
2467;False
2468;False
2469;False
2470;False
2471;False
2472;True
2473;False
2474;False
2475;True
2476;False
2477;False
2478;True
2479;False
2480;True
2481;True
2482;True
2483;True
2484;True
2485;True
2486;True
2487;False
2488;False
2489;True
2490;True
2491;False
2492;True
2493;False
2494;True
2495;False
2496;True
2497;True
2498;True
2499;True
2500;False
2501;True
2502;True
2503;True
2504;True
2505;True
2506;False
2507;False
2508;True
2509;False
2510;True
2511;True
2512;False
2513;True
2514;True
2515;True
2516;True
2517;True
2518;True
2519;False
2520;True
2521;True
2522;True
2523;False
2524;True
2525;False
2526;True
2527;True
2528;True
2529;True
2530;True
2531;False
2532;False
2533;True
2534;False
2535;True
2536;True
2537;True
2538;True
2539;False
2540;True
2541;True
2542;True
2543;True
2544;False
2545;True
2546;False
2547;True
2548;False
2549;True
2550;False
2551;True
2552;True
2553;False
2554;False
2555;True
2556;True
2557;False
2558;True
2559;True
2560;True
2561;False
2562;True
2563;True
2564;False
2565;True
2566;True
2567;True
2568;True
2569;False
2570;False
2571;True
2572;False
2573;True
2574;False
2575;True
2576;True
2577;True
2578;True
2579;True
2580;True
2581;True
2582;False
2583;True
2584;False
2585;False
2586;True
2587;False
2588;True
2589;True
2590;True
2591;True
2592;False
2593;True
2594;False
2595;False
2596;False
2597;False
2598;True
2599;True
2600;False
2601;False
2602;True
2603;True
2604;True
2605;False
2606;True
2607;False
2608;True
2609;True
2610;False
2611;True
2612;True
2613;False
2614;False
2615;True
2616;False
2617;False
2618;False
2619;True
2620;False
2621;True
2622;False
2623;True
2624;True
2625;True
2626;True
2627;True
2628;False
2629;True
2630;True
2631;True
2632;False
2633;False
2634;True
2635;False
2636;False
2637;True
2638;True
2639;False
2640;True
2641;False
2642;False
2643;True
2644;True
2645;False
2646;True
2647;True
2648;True
2649;True
2650;True
2651;True
2652;True
2653;True
2654;True
2655;True
2656;False
2657;False
2658;True
2659;True
2660;False
2661;True
2662;False
2663;True
2664;True
2665;True
2666;True
2667;True
2668;True
2669;False
2670;False
2671;False
2672;False
2673;False
2674;True
2675;False
2676;False
2677;False
2678;False
2679;True
2680;True
2681;True
2682;False
2683;False
2684;True
2685;False
2686;True
2687;False
2688;False
2689;False
2690;False
2691;True
2692;False
2693;True
2694;True
2695;True
2696;True
2697;False
2698;True
2699;False
2700;True
2701;True
2702;True
2703;True
2704;True
2705;False
2706;False
2707;False
2708;True
2709;True
2710;False
2711;True
2712;True
2713;False
2714;True
2715;False
2716;True
2717;True
2718;False
2719;True
2720;True
2721;True
2722;True
2723;True
2724;True
2725;True
2726;False
2727;False
2728;True
2729;True
2730;False
2731;False
2732;True
2733;True
2734;False
2735;True
2736;True
2737;False
2738;True
2739;True
2740;False
2741;False
2742;True
2743;True
2744;False
2745;True
2746;True
2747;True
2748;False
2749;False
2750;True
2751;True
2752;False
2753;False
2754;True
2755;True
2756;True
2757;False
2758;False
2759;False
2760;True
2761;False
2762;False
2763;True
2764;False
2765;True
2766;True
2767;True
2768;True
2769;True
2770;False
2771;False
2772;True
2773;True
2774;False
2775;False
2776;True
2777;True
2778;True
2779;False
2780;False
2781;True
2782;False
2783;False
2784;False
2785;False
2786;True
2787;True
2788;False
2789;False
2790;True
2791;True
2792;True
2793;False
2794;True
2795;True
2796;True
2797;False
2798;False
2799;True
2800;False
2801;False
2802;True
2803;True
2804;True
2805;True
2806;True
2807;False
2808;False
2809;True
2810;True
2811;True
2812;True
2813;False
2814;True
2815;True
2816;True
2817;True
2818;True
2819;True
2820;True
2821;False
2822;True
2823;True
2824;True
2825;False
2826;False
2827;True
2828;False
2829;True
2830;True
2831;True
2832;False
2833;False
2834;True
2835;True
2836;False
2837;True
2838;True
2839;True
2840;True
2841;True
2842;False
2843;True
2844;True
2845;True
2846;True
2847;True
2848;False
2849;False
2850;True
2851;False
2852;False
2853;True
2854;False
2855;True
2856;True
2857;False
2858;True
2859;False
2860;True
2861;False
2862;True
2863;False
2864;True
2865;True
2866;True
2867;True
2868;True
2869;True
2870;True
2871;False
2872;True
2873;True
2874;False
2875;False
2876;True
2877;True
2878;True
2879;False
2880;True
2881;False
2882;True
2883;False
2884;False
2885;True
2886;False
2887;False
2888;False
2889;False
2890;True
2891;False
2892;True
2893;False
2894;True
2895;False
2896;False
2897;True
2898;True
2899;False
2900;False
2901;True
2902;True
2903;False
2904;True
2905;True
2906;True
2907;False
2908;False
2909;False
2910;True
2911;False
2912;True
2913;False
2914;True
2915;True
2916;True
2917;True
2918;True
2919;True
2920;False
2921;True
2922;True
2923;True
2924;True
2925;True
2926;True
2927;True
2928;True
2929;True
2930;True
2931;False
2932;True
2933;False
2934;True
2935;False
2936;True
2937;True
2938;True
2939;False
2940;True
2941;False
2942;True
2943;False
2944;True
2945;True
2946;False
2947;True
2948;False
2949;True
2950;True
2951;True
2952;False
2953;False
2954;True
2955;True
2956;True
2957;True
2958;False
2959;False
2960;True
2961;False
2962;True
2963;True
2964;True
2965;True
2966;True
2967;True
2968;True
2969;True
2970;False
2971;True
2972;True
2973;False
2974;True
2975;False
2976;True
2977;True
2978;True
2979;True
2980;True
2981;True
2982;True
2983;True
2984;True
2985;True
2986;True
2987;True
2988;True
2989;False
2990;False
2991;True
2992;True
2993;False
2994;True
2995;False
2996;False
2997;True
2998;True
2999;True
3000;True
3001;True
3002;True
3003;False
3004;True
3005;True
3006;False
3007;False
3008;False
3009;True
3010;True
3011;True
3012;False
3013;True
3014;True
3015;True
3016;True
3017;True
3018;True
3019;True
3020;True
3021;True
3022;True
3023;False
3024;True
3025;True
3026;False
3027;True
3028;False
3029;True
3030;False
3031;False
3032;False
3033;True
3034;True
3035;True
3036;False
3037;False
3038;False
3039;True
3040;False
3041;False
3042;False
3043;False
3044;True
3045;False
3046;False
3047;False
3048;False
3049;True
3050;True
3051;True
3052;False
3053;True
3054;False
3055;False
3056;True
3057;True
3058;False
3059;True
3060;True
3061;True
3062;False
3063;True
3064;False
3065;False
3066;True
3067;False
3068;True
3069;True
3070;True
3071;False
3072;False
3073;False
3074;False
3075;False
3076;False
3077;True
3078;True
3079;True
3080;False
3081;False
3082;True
3083;True
3084;False
3085;True
3086;False
3087;True
3088;True
3089;True
3090;False
3091;True
3092;True
3093;True
3094;True
3095;True
3096;True
3097;True
3098;True
3099;True
3100;True
3101;True
3102;True
3103;False
3104;False
3105;True
3106;False
3107;False
3108;False
3109;True
3110;True
3111;True
3112;False
3113;False
3114;False
3115;True
3116;True
3117;True
3118;True
3119;True
3120;False
3121;True
3122;False
3123;True
3124;False
3125;True
3126;False
3127;True
3128;False
3129;False
3130;True
3131;False
3132;False
3133;False
3134;True
3135;True
3136;False
3137;False
3138;True
3139;True
3140;True
3141;False
3142;False
3143;True
3144;False
3145;True
3146;True
3147;True
3148;True
3149;True
3150;True
3151;True
3152;True
3153;False
3154;True
3155;True
3156;True
3157;False
3158;False
3159;False
3160;True
3161;False
3162;True
3163;False
3164;False
3165;False
3166;True
3167;False
3168;False
3169;True
3170;True
3171;True
3172;True
3173;True
3174;True
3175;True
3176;True
3177;False
3178;True
3179;True
3180;True
3181;True
3182;True
3183;True
3184;True
3185;True
3186;True
3187;True
3188;True
3189;True
3190;True
3191;False
3192;False
3193;True
3194;True
3195;False
3196;False
3197;True
3198;True
3199;False
3200;True
3201;False
3202;True
3203;False
3204;False
3205;False
3206;True
3207;True
3208;False
3209;True
3210;True
3211;False
3212;True
3213;True
3214;True
3215;True
3216;False
3217;True
3218;True
3219;True
3220;False
3221;False
3222;True
3223;True
3224;True
3225;True
3226;False
3227;True
3228;True
3229;True
3230;False
3231;True
3232;False
3233;False
3234;False
3235;False
3236;False
3237;False
3238;False
3239;False
3240;True
3241;True
3242;True
3243;False
3244;True
3245;True
3246;True
3247;False
3248;True
3249;True
3250;True
3251;True
3252;False
3253;True
3254;False
3255;True
3256;True
3257;True
3258;False
3259;True
3260;False
3261;True
3262;True
3263;False
3264;True
3265;True
3266;True
3267;True
3268;True
3269;True
3270;False
3271;False
3272;True
3273;True
3274;True
3275;False
3276;True
3277;False
3278;False
3279;False
3280;False
3281;True
3282;False
3283;False
3284;False
3285;True
3286;False
3287;False
3288;False
3289;False
3290;True
3291;True
3292;True
3293;True
3294;True
3295;False
3296;False
3297;True
3298;True
3299;True
3300;True
3301;True
3302;False
3303;True
3304;True
3305;False
3306;False
3307;False
3308;False
3309;False
3310;False
3311;True
3312;False
3313;True
3314;False
3315;True
3316;True
3317;True
3318;True
3319;True
3320;False
3321;True
3322;True
3323;True
3324;True
3325;False
3326;False
3327;True
3328;True
3329;False
3330;False
3331;True
3332;True
3333;False
3334;True
3335;True
3336;False
3337;True
3338;False
3339;True
3340;True
3341;True
3342;False
3343;True
3344;True
3345;True
3346;False
3347;True
3348;True
3349;True
3350;True
3351;True
3352;True
3353;False
3354;True
3355;True
3356;True
3357;True
3358;False
3359;True
3360;False
3361;True
3362;True
3363;True
3364;False
3365;False
3366;True
3367;True
3368;True
3369;False
3370;False
3371;False
3372;True
3373;True
3374;True
3375;True
3376;False
3377;True
3378;True
3379;False
3380;False
3381;True
3382;True
3383;False
3384;True
3385;False
3386;True
3387;True
3388;True
3389;True
3390;True
3391;False
3392;True
3393;False
3394;True
3395;True
3396;False
3397;True
3398;False
3399;True
3400;True
3401;True
3402;False
3403;False
3404;True
3405;False
3406;False
3407;True
3408;False
3409;True
3410;False
3411;False
3412;True
3413;False
3414;False
3415;False
3416;True
3417;False
3418;True
3419;True
3420;True
3421;True
3422;False
3423;False
3424;True
3425;False
3426;True
3427;True
3428;True
3429;True
3430;True
3431;True
3432;True
3433;True
3434;False
3435;True
3436;True
3437;True
3438;True
3439;True
3440;True
3441;True
3442;True
3443;False
3444;False
3445;True
3446;True
3447;True
3448;True
3449;True
3450;False
3451;True
3452;False
3453;True
3454;False
3455;False
3456;True
3457;True
3458;True
3459;True
3460;True
3461;False
3462;False
3463;True
3464;True
3465;True
3466;True
3467;True
3468;False
3469;False
3470;False
3471;True
3472;True
3473;True
3474;True
3475;True
3476;True
3477;True
3478;False
3479;False
3480;False
3481;False
3482;True
3483;True
3484;True
3485;True
3486;False
3487;True
3488;False
3489;True
3490;True
3491;True
3492;False
3493;True
3494;True
3495;True
3496;True
3497;True
3498;False
3499;True
3500;False
3501;True
3502;False
3503;True
3504;True
3505;True
3506;False
3507;True
3508;True
3509;True
3510;True
3511;False
3512;True
3513;True
3514;True
3515;False
3516;False
3517;True
3518;True
3519;False
3520;True
3521;False
3522;True
3523;True
3524;False
3525;False
3526;False
3527;True
3528;True
3529;True
3530;True
3531;False
3532;False
3533;True
3534;True
3535;True
3536;True
3537;True
3538;True
3539;True
3540;False
3541;True
3542;False
3543;False
3544;True
3545;False
3546;False
3547;True
3548;True
3549;False
3550;True
3551;False
3552;True
3553;True
3554;True
3555;True
3556;True
3557;False
3558;True
3559;True
3560;True
3561;False
3562;True
3563;True
3564;True
3565;True
3566;False
3567;False
3568;True
3569;True
3570;True
3571;True
3572;True
3573;True
3574;False
3575;False
3576;True
3577;False
3578;True
3579;True
3580;True
3581;True
3582;False
3583;True
3584;True
3585;True
3586;False
3587;True
3588;False
3589;False
3590;True
3591;True
3592;True
3593;False
3594;True
3595;False
3596;False
3597;True
3598;True
3599;False
3600;True
3601;True
3602;True
3603;True
3604;True
3605;True
3606;False
3607;False
3608;False
3609;True
3610;False
3611;True
3612;True
3613;True
3614;True
3615;True
3616;True
3617;True
3618;True
3619;True
3620;True
3621;False
3622;True
3623;True
3624;True
3625;True
3626;False
3627;True
3628;True
3629;False
3630;False
3631;True
3632;True
3633;False
3634;True
3635;True
3636;False
3637;False
3638;True
3639;False
3640;True
3641;False
3642;True
3643;False
3644;True
3645;True
3646;True
3647;True
3648;True
3649;True
3650;True
3651;True
3652;True
3653;True
3654;True
3655;True
3656;False
3657;True
3658;True
3659;True
3660;True
3661;True
3662;False
3663;True
3664;False
3665;True
3666;True
3667;False
3668;True
3669;True
3670;True
3671;True
3672;True
3673;False
3674;True
3675;False
3676;False
3677;True
3678;True
3679;True
3680;False
3681;True
3682;False
3683;False
3684;True
3685;False
3686;True
3687;True
3688;False
3689;True
3690;False
3691;True
3692;True
3693;True
3694;True
3695;True
3696;True
3697;False
3698;False
3699;True
3700;True
3701;False
3702;False
3703;False
3704;False
3705;True
3706;False
3707;True
3708;True
3709;False
3710;False
3711;True
3712;False
3713;False
3714;False
3715;True
3716;True
3717;True
3718;True
3719;True
3720;True
3721;True
3722;True
3723;True
3724;True
3725;True
3726;True
3727;False
3728;False
3729;True
3730;True
3731;False
3732;False
3733;False
3734;False
3735;True
3736;False
3737;False
3738;True
3739;False
3740;False
3741;True
3742;True
3743;True
3744;True
3745;True
3746;True
3747;True
3748;False
3749;False
3750;True
3751;True
3752;False
3753;False
3754;False
3755;False
3756;True
3757;True
3758;False
3759;False
3760;False
3761;False
3762;True
3763;True
3764;True
3765;False
3766;True
3767;False
3768;True
3769;False
3770;False
3771;True
3772;True
3773;False
3774;True
3775;True
3776;True
3777;False
3778;False
3779;True
3780;False
3781;False
3782;False
3783;True
3784;True
3785;True
3786;True
3787;True
3788;True
3789;False
3790;True
3791;True
3792;True
3793;True
3794;True
3795;True
3796;False
3797;False
3798;False
3799;True
3800;False
3801;True
3802;True
3803;True
3804;False
3805;True
3806;True
3807;True
3808;True
3809;False
3810;False
3811;True
3812;True
3813;False
3814;False
3815;False
3816;True
3817;False
3818;False
3819;False
3820;False
3821;True
3822;False
3823;False
3824;False
3825;False
3826;True
3827;False
3828;True
3829;True
3830;True
3831;True
3832;True
3833;False
3834;True
3835;False
3836;True
3837;True
3838;True
3839;True
3840;True
3841;True
3842;True
3843;True
3844;True
3845;False
3846;True
3847;True
3848;False
3849;False
3850;False
3851;True
3852;False
3853;True
3854;True
3855;True
3856;True
3857;True
3858;True
3859;True
3860;True
3861;True
3862;False
3863;True
3864;True
3865;True
3866;True
3867;True
3868;True
3869;False
3870;False
3871;True
3872;True
3873;False
3874;True
3875;True
3876;True
3877;True
3878;True
3879;False
3880;True
3881;False
3882;True
3883;True
3884;True
3885;True
3886;False
3887;True
3888;True
3889;True
3890;True
3891;True
3892;False
3893;True
3894;False
3895;True
3896;True
3897;True
3898;True
3899;False
3900;True
3901;True
3902;False
3903;True
3904;True
3905;True
3906;False
3907;True
3908;True
3909;True
3910;True
3911;True
3912;True
3913;False
3914;True
3915;True
3916;True
3917;True
3918;True
3919;True
3920;True
3921;True
3922;True
3923;True
3924;True
3925;False
3926;True
3927;False
3928;False
3929;False
3930;False
3931;True
3932;True
3933;True
3934;True
3935;True
3936;False
3937;False
3938;True
3939;False
3940;True
3941;False
3942;False
3943;True
3944;True
3945;True
3946;True
3947;True
3948;True
3949;True
3950;False
3951;False
3952;True
3953;True
3954;False
3955;True
3956;True
3957;True
3958;True
3959;True
3960;True
3961;True
3962;False
3963;False
3964;True
3965;True
3966;True
3967;True
3968;False
3969;True
3970;True
3971;False
3972;False
3973;False
3974;True
3975;True
3976;True
3977;False
3978;True
3979;True
3980;True
3981;False
3982;True
3983;True
3984;False
3985;True
3986;True
3987;True
3988;False
3989;True
3990;True
3991;False
3992;True
3993;True
3994;True
3995;False
3996;True
3997;True
3998;False
3999;True
4000;True
4001;False
4002;True
4003;True
4004;True
4005;True
4006;False
4007;False
4008;True
4009;False
4010;True
4011;False
4012;True
4013;False
4014;True
4015;False
4016;False
4017;True
4018;True
4019;False
4020;True
4021;True
4022;False
4023;False
4024;True
4025;False
4026;True
4027;True
4028;False
4029;False
4030;False
4031;True
4032;False
4033;False
4034;True
4035;False
4036;False
4037;False
4038;True
4039;True
4040;True
4041;False
4042;True
4043;False
4044;False
4045;False
4046;True
4047;True
4048;True
4049;False
4050;True
4051;False
4052;True
4053;True
4054;True
4055;False
4056;True
4057;False
4058;True
4059;False
4060;True
4061;True
4062;False
4063;True
4064;True
4065;False
4066;True
4067;True
4068;False
4069;False
4070;True
4071;True
4072;True
4073;True
4074;True
4075;True
4076;False
4077;False
4078;True
4079;True
4080;True
4081;True
4082;True
4083;True
4084;True
4085;True
4086;True
4087;True
4088;False
4089;False
4090;True
4091;True
4092;True
4093;True
4094;False
4095;True
4096;True
4097;False
4098;True
4099;False
4100;True
4101;False
4102;True
4103;True
4104;True
4105;False
4106;True
4107;False
4108;True
4109;False
4110;True
4111;True
4112;True
4113;False
4114;True
4115;False
4116;False
4117;False
4118;True
4119;True
4120;False
4121;True
4122;False
4123;True
4124;False
4125;False
4126;True
4127;False
4128;False
4129;True
4130;True
4131;False
4132;True
4133;True
4134;True
4135;True
4136;False
4137;False
4138;False
4139;True
4140;False
4141;True
4142;False
4143;True
4144;False
4145;True
4146;True
4147;False
4148;False
4149;False
4150;True
4151;False
4152;True
4153;True
4154;True
4155;True
4156;True
4157;True
4158;True
4159;True
4160;True
4161;False
4162;False
4163;True
4164;False
4165;True
4166;True
4167;False
4168;True
4169;True
4170;False
4171;True
4172;True
4173;False
4174;True
4175;False
4176;True
4177;False
4178;False
4179;True
4180;True
4181;False
4182;False
4183;True
4184;False
4185;True
4186;False
4187;False
4188;True
4189;True
4190;False
4191;False
4192;True
4193;False
4194;True
4195;False
4196;True
4197;True
4198;True
4199;False
4200;True
4201;True
4202;False
4203;False
4204;False
4205;True
4206;False
4207;False
4208;True
4209;True
4210;True
4211;True
4212;True
4213;False
4214;False
4215;True
4216;True
4217;True
4218;False
4219;False
4220;False
4221;False
4222;False
4223;False
4224;True
4225;True
4226;False
4227;False
4228;True
4229;False
4230;False
4231;False
4232;True
4233;True
4234;True
4235;True
4236;False
4237;True
4238;False
4239;False
4240;True
4241;True
4242;False
4243;True
4244;True
4245;False
4246;False
4247;False
4248;False
4249;False
4250;True
4251;False
4252;True
4253;True
4254;False
4255;False
4256;True
4257;True
4258;True
4259;False
4260;True
4261;True
4262;True
4263;True
4264;False
4265;True
4266;False
4267;True
4268;True
4269;True
4270;True
4271;True
4272;False
4273;True
4274;True
4275;True
4276;True
4277;False
4278;False
4279;False
4280;True
4281;True
4282;True
4283;True
4284;True
4285;True
4286;True
4287;True
4288;True
4289;False
4290;True
4291;False
4292;True
4293;True
4294;False
4295;True
4296;False
4297;False
4298;True
4299;False
4300;True
4301;False
4302;False
4303;True
4304;True
4305;True
4306;True
4307;False
4308;False
4309;True
4310;False
4311;True
4312;False
4313;True
4314;True
4315;False
4316;True
4317;True
4318;True
4319;False
4320;True
4321;True
4322;True
4323;True
4324;True
4325;True
4326;True
4327;False
4328;False
4329;True
4330;True
4331;True
4332;True
4333;False
4334;False
4335;True
4336;True
4337;False
4338;False
4339;True
4340;True
4341;True
4342;False
4343;True
4344;True
4345;False
4346;True
4347;False
4348;False
